{
    "chats": [
        {
            "sender": "Dev.patchNote\/view.txt",
            "content": "￥ 링크 감지 v3.1 ￥\n\nIP -\/- 한글\n도메인 지원",
            "timeMillis": 1706638182526,
            "isBot": true,
            "isLong": true,
            "long": "\/storage\/emulated\/0\/msgbot\/Bots\/url-detect\/DebugRoom\/message\/patchnote.txt"
        },
        {
            "sender": "치킨 먹고 싶다",
            "content": "https:\/\/open.kakao.com\/o\/gdVPTLxf",
            "timeMillis": 1707628635708,
            "isBot": false,
            "isLong": false,
            "long": "\/storage\/emulated\/0\/msgbot\/Bots\/url-detect\/DebugRoom\/message\/1707628635708-1320253238439871}"
        },
        {
            "sender": "url-detect",
            "content": "[ 링크 감지 v3.1 ]​​​​​​​​​​​​​​​​​​​​​​​​​​​​​​​​​​​​​​​​​​​​​​​​​​​​​​​​​​​​​​​​​​​​​​​​​​​​​​​​​​​​​​​​​​​​​​​​​​​​​​​​​​​​​​​​​​​​​​​​​​​​​​​​​​​​​​​​​​​​​​​​​​​​​​​​​​​​​​​​​​​​​​​​​​​​​​​​​​​​​​​​​​​​​​​​​​​​​​​​​​​​​​​​​​​​​​​​​​​​​​​​​​​​​​​​​​​​​​​​​​​​​​​​​​​​​​​​​​​​​​​​​​​​​​​​​​​​​​​​​​​​​​​...",
            "timeMillis": 1707628656710,
            "isBot": true,
            "isLong": true,
            "long": "\/storage\/emulated\/0\/msgbot\/Bots\/url-detect\/DebugRoom\/message\/1707628656710-1320274233188086}"
        },
        {
            "sender": "치킨 먹고 싶다",
            "content": "https:\/\/open.kakao.com\/o\/gdVPTLxf",
            "timeMillis": 1712143468046,
            "isBot": false,
            "isLong": false,
            "long": "\/storage\/emulated\/0\/msgbot\/Bots\/url-detect\/DebugRoom\/message\/1712143468046-14138381565079}"
        },
        {
            "sender": "url-detect",
            "content": "[ 링크 감지 v3.1 ]​​​​​​​​​​​​​​​​​​​​​​​​​​​​​​​​​​​​​​​​​​​​​​​​​​​​​​​​​​​​​​​​​​​​​​​​​​​​​​​​​​​​​​​​​​​​​​​​​​​​​​​​​​​​​​​​​​​​​​​​​​​​​​​​​​​​​​​​​​​​​​​​​​​​​​​​​​​​​​​​​​​​​​​​​​​​​​​​​​​​​​​​​​​​​​​​​​​​​​​​​​​​​​​​​​​​​​​​​​​​​​​​​​​​​​​​​​​​​​​​​​​​​​​​​​​​​​​​​​​​​​​​​​​​​​​​​​​​​​​​​​​​​​​...",
            "timeMillis": 1712143468381,
            "isBot": true,
            "isLong": true,
            "long": "\/storage\/emulated\/0\/msgbot\/Bots\/url-detect\/DebugRoom\/message\/1712143468381-14138723248848}"
        },
        {
            "sender": "치킨 먹고 싶다",
            "content": "www.google.com",
            "timeMillis": 1712143478779,
            "isBot": false,
            "isLong": false,
            "long": "\/storage\/emulated\/0\/msgbot\/Bots\/url-detect\/DebugRoom\/message\/1712143478779-14149119138418}"
        },
        {
            "sender": "url-detect",
            "content": "[ 링크 감지 v3.1 ]​​​​​​​​​​​​​​​​​​​​​​​​​​​​​​​​​​​​​​​​​​​​​​​​​​​​​​​​​​​​​​​​​​​​​​​​​​​​​​​​​​​​​​​​​​​​​​​​​​​​​​​​​​​​​​​​​​​​​​​​​​​​​​​​​​​​​​​​​​​​​​​​​​​​​​​​​​​​​​​​​​​​​​​​​​​​​​​​​​​​​​​​​​​​​​​​​​​​​​​​​​​​​​​​​​​​​​​​​​​​​​​​​​​​​​​​​​​​​​​​​​​​​​​​​​​​​​​​​​​​​​​​​​​​​​​​​​​​​​​​​​​​​​​...",
            "timeMillis": 1712143479752,
            "isBot": true,
            "isLong": true,
            "long": "\/storage\/emulated\/0\/msgbot\/Bots\/url-detect\/DebugRoom\/message\/1712143479752-14150085823840}"
        },
        {
            "sender": "치킨 먹고 싶다",
            "content": "www.google.com\/search?q=test",
            "timeMillis": 1712143489432,
            "isBot": false,
            "isLong": false,
            "long": "\/storage\/emulated\/0\/msgbot\/Bots\/url-detect\/DebugRoom\/message\/1712143489432-14159767638487}"
        },
        {
            "sender": "url-detect",
            "content": "[ 링크 감지 v3.1 ]​​​​​​​​​​​​​​​​​​​​​​​​​​​​​​​​​​​​​​​​​​​​​​​​​​​​​​​​​​​​​​​​​​​​​​​​​​​​​​​​​​​​​​​​​​​​​​​​​​​​​​​​​​​​​​​​​​​​​​​​​​​​​​​​​​​​​​​​​​​​​​​​​​​​​​​​​​​​​​​​​​​​​​​​​​​​​​​​​​​​​​​​​​​​​​​​​​​​​​​​​​​​​​​​​​​​​​​​​​​​​​​​​​​​​​​​​​​​​​​​​​​​​​​​​​​​​​​​​​​​​​​​​​​​​​​​​​​​​​​​​​​​​​​...",
            "timeMillis": 1712143490645,
            "isBot": true,
            "isLong": true,
            "long": "\/storage\/emulated\/0\/msgbot\/Bots\/url-detect\/DebugRoom\/message\/1712143490645-14160979320717}"
        },
        {
            "sender": "치킨 먹고 싶다",
            "content": "api.kr",
            "timeMillis": 1712144143855,
            "isBot": false,
            "isLong": false,
            "long": "\/storage\/emulated\/0\/msgbot\/Bots\/url-detect\/DebugRoom\/message\/1712144143855-14814193463134}"
        },
        {
            "sender": "url-detect",
            "content": "[ 링크 감지 v3.1 ]​​​​​​​​​​​​​​​​​​​​​​​​​​​​​​​​​​​​​​​​​​​​​​​​​​​​​​​​​​​​​​​​​​​​​​​​​​​​​​​​​​​​​​​​​​​​​​​​​​​​​​​​​​​​​​​​​​​​​​​​​​​​​​​​​​​​​​​​​​​​​​​​​​​​​​​​​​​​​​​​​​​​​​​​​​​​​​​​​​​​​​​​​​​​​​​​​​​​​​​​​​​​​​​​​​​​​​​​​​​​​​​​​​​​​​​​​​​​​​​​​​​​​​​​​​​​​​​​​​​​​​​​​​​​​​​​​​​​​​​​​​​​​​​...",
            "timeMillis": 1712144146383,
            "isBot": true,
            "isLong": true,
            "long": "\/storage\/emulated\/0\/msgbot\/Bots\/url-detect\/DebugRoom\/message\/1712144146383-14816716810132}"
        },
        {
            "sender": "치킨 먹고 싶다",
            "content": "172.217.25.174",
            "timeMillis": 1712184475886,
            "isBot": false,
            "isLong": false,
            "long": "\/storage\/emulated\/0\/msgbot\/Bots\/url-detect\/DebugRoom\/message\/1712184475886-51148976450415}"
        },
        {
            "sender": "url-detect",
            "content": "[ 링크 감지 v3.1 ]​​​​​​​​​​​​​​​​​​​​​​​​​​​​​​​​​​​​​​​​​​​​​​​​​​​​​​​​​​​​​​​​​​​​​​​​​​​​​​​​​​​​​​​​​​​​​​​​​​​​​​​​​​​​​​​​​​​​​​​​​​​​​​​​​​​​​​​​​​​​​​​​​​​​​​​​​​​​​​​​​​​​​​​​​​​​​​​​​​​​​​​​​​​​​​​​​​​​​​​​​​​​​​​​​​​​​​​​​​​​​​​​​​​​​​​​​​​​​​​​​​​​​​​​​​​​​​​​​​​​​​​​​​​​​​​​​​​​​​​​​​​​​​​...",
            "timeMillis": 1712184477763,
            "isBot": true,
            "isLong": true,
            "long": "\/storage\/emulated\/0\/msgbot\/Bots\/url-detect\/DebugRoom\/message\/1712184477763-51150851959029}"
        }
    ]
}